,pp_cost_model,pp_cost_sim,pp_dist_model,pp_dist_sim
0,5464.10316054424,6342.610177487677,12000.0000000000,13479.34658283217
