,opt_cost_model,opt_cost_sim,opt_dist_model,opt_dist_sim
0,8507.15679622333,12771.881450878702,12000.0000000000,18438.028468588815
