,opt_cost_model,opt_cost_sim,opt_dist_model,opt_dist_sim
0,6081.87388695752,8731.222938196068,13928.0035987029,15038.955315072582
