,opt_cost_model,opt_cost_sim,opt_dist_model,opt_dist_sim
0,5330.92966034567,5744.3721023521175,12211.6570942143,12645.780120745781
