,opt_cost_model,opt_cost_sim,opt_dist_model,opt_dist_sim
0,8507.15679622333,13941.705162143713,12000.0000000000,20247.551644545492
