,opt_cost_model,opt_cost_sim,opt_dist_model,opt_dist_sim
0,8613.32965498999,9496.868039266417,12000.0000000000,12790.863617651748
