,pp_cost_model,pp_cost_sim,pp_dist_model,pp_dist_sim
0,5442.37089721704,5544.120306437529,12000.0000000000,12284.941574016108
