,opt_cost_model,opt_cost_sim,opt_dist_model,opt_dist_sim
0,4671.94608001117,13142.89113082156,13928.0035987029,22862.699425999614
