,opt_cost_model,opt_cost_sim,opt_dist_model,opt_dist_sim
0,2951.74012876301,13054.157949359324,31013.0500596678,37645.79124606109
