,pp_cost_model,pp_cost_sim,pp_dist_model,pp_dist_sim
0,9171.87459425338,10650.551230030995,12000.0000000000,13666.001452068422
