,pp_cost_model,pp_cost_sim,pp_dist_model,pp_dist_sim
0,4089.28558834233,5762.294316604555,12000.0000000000,17547.92893581466
