,pp_cost_model,pp_cost_sim,pp_dist_model,pp_dist_sim
0,8507.15679622333,13215.860824252219,12000.0000000000,15648.026026470821
