,pp_cost_model,pp_cost_sim,pp_dist_model,pp_dist_sim
0,9092.30839673813,9806.530858395501,12000.0000000000,13068.56156631395
