,opt_cost_model,opt_cost_sim,opt_dist_model,opt_dist_sim
0,6834.43737514069,21002.614633054378,18375.9920101009,33758.963914126005
