,pp_cost_model,pp_cost_sim,pp_dist_model,pp_dist_sim
0,8447.96580791983,18620.869864639553,12000.0000000000,26269.14457771372
