,pp_cost_model,pp_cost_sim,pp_dist_model,pp_dist_sim
0,11733.4471016597,20640.275433661216,12000.0000000000,19464.254435146726
