,opt_cost_model,opt_cost_sim,opt_dist_model,opt_dist_sim
0,4064.26116987786,4704.280759439044,12211.6570942143,13108.081975085906
