,opt_cost_model,opt_cost_sim,opt_dist_model,opt_dist_sim
0,9171.87459425338,10564.798237283825,12000.0000000000,13485.231791007494
