,opt_cost_model,opt_cost_sim,opt_dist_model,opt_dist_sim
0,2562.76737998441,3800.4487019739145,19304.1952328076,20325.872455670586
