,opt_cost_model,opt_cost_sim,opt_dist_model,opt_dist_sim
0,5272.50019056903,15939.649449489625,14727.0779853969,22087.619187329274
