,pp_cost_model,pp_cost_sim,pp_dist_model,pp_dist_sim
0,9169.85679937150,9846.000138286296,12000.0000000000,13358.253142495589
