,pp_cost_model,pp_cost_sim,pp_dist_model,pp_dist_sim
0,8447.96580791983,10987.495383662354,12000.0000000000,14428.549861466341
