,opt_cost_model,opt_cost_sim,opt_dist_model,opt_dist_sim
0,8447.96580791983,13153.866323123835,12000.0000000000,16386.558329917174
