,pp_cost_model,pp_cost_sim,pp_dist_model,pp_dist_sim
0,11567.7657185865,12718.803082822282,12000.0000000000,12778.760314718715
