,pp_cost_model,pp_cost_sim,pp_dist_model,pp_dist_sim
0,5442.37089721704,5579.053946192089,12000.0000000000,12320.596293624438
