,pp_cost_model,pp_cost_sim,pp_dist_model,pp_dist_sim
0,11567.7657185865,17294.75791859396,12000.0000000000,18407.83114230459
