,opt_cost_model,opt_cost_sim,opt_dist_model,opt_dist_sim
0,8613.52652216249,8782.174291427025,12000.0000000000,12229.911545674555
