,opt_cost_model,opt_cost_sim,opt_dist_model,opt_dist_sim
0,8548.93438731993,14850.821845571934,12000.0000000000,21099.469841275477
