,pp_cost_model,pp_cost_sim,pp_dist_model,pp_dist_sim
0,4147.27278481848,4680.472534778043,12000.0000000000,13092.53308047804
