,opt_cost_model,opt_cost_sim,opt_dist_model,opt_dist_sim
0,5442.39299982008,5550.758753593498,12000.0000000000,12284.941321706534
