,opt_cost_model,opt_cost_sim,opt_dist_model,opt_dist_sim
0,8304.94618017786,18626.255368270307,12000.0000000000,26277.3852761778
