,opt_cost_model,opt_cost_sim,opt_dist_model,opt_dist_sim
0,3988.60548838295,6348.091660763546,12000.0000000000,18736.59165615916
