,pp_cost_model,pp_cost_sim,pp_dist_model,pp_dist_sim
0,5442.37089721704,5723.287486229353,12000.0000000000,12520.025654029281
