,opt_cost_model,opt_cost_sim,opt_dist_model,opt_dist_sim
0,9048.63368093446,9264.427893790578,12000.0000000000,12308.467442159399
