,opt_cost_model,opt_cost_sim,opt_dist_model,opt_dist_sim
0,4638.03435500705,13132.05305197615,13928.0035987029,23163.64760129004
