,pp_cost_model,pp_cost_sim,pp_dist_model,pp_dist_sim
0,5432.98321204686,5839.718740636621,12000.0000000000,13080.683987108527
