,pp_cost_model,pp_cost_sim,pp_dist_model,pp_dist_sim
0,3985.62519345745,6173.937711898681,12000.0000000000,17261.825375912005
