,pp_cost_model,pp_cost_sim,pp_dist_model,pp_dist_sim
0,8303.42113392772,18756.12795307144,12000.0000000000,26366.527128426536
