,opt_cost_model,opt_cost_sim,opt_dist_model,opt_dist_sim
0,3060.54729762397,5410.735286875061,14727.0779853969,16024.311467621743
