,pp_cost_model,pp_cost_sim,pp_dist_model,pp_dist_sim
0,9048.57972188141,9229.157613581876,12000.0000000000,12272.817110442993
