,pp_cost_model,pp_cost_sim,pp_dist_model,pp_dist_sim
0,4089.28558834233,6162.297475426099,12000.0000000000,18383.952502116317
