,opt_cost_model,opt_cost_sim,opt_dist_model,opt_dist_sim
0,11598.8688633867,17919.15932088318,12000.0000000000,15653.89000791849
