,opt_cost_model,opt_cost_sim,opt_dist_model,opt_dist_sim
0,9092.30839673813,9806.530858395501,12000.0000000000,13068.56156631395
