,pp_cost_model,pp_cost_sim,pp_dist_model,pp_dist_sim
0,9048.57972188141,9226.37473353057,12000.0000000000,12235.771443057654
