,pp_cost_model,pp_cost_sim,pp_dist_model,pp_dist_sim
0,8613.32965498999,11108.223899873137,12000.0000000000,13984.904883870002
