,opt_cost_model,opt_cost_sim,opt_dist_model,opt_dist_sim
0,4147.34049396592,4170.798215000454,12000.0000000000,12065.877503544418
