,pp_cost_model,pp_cost_sim,pp_dist_model,pp_dist_sim
0,11567.8163025318,11779.955561839037,12000.0000000000,12235.770088027717
