,opt_cost_model,opt_cost_sim,opt_dist_model,opt_dist_sim
0,9169.85679937150,10512.106455533343,12000.0000000000,13539.376819474346
