,opt_cost_model,opt_cost_sim,opt_dist_model,opt_dist_sim
0,3053.16022134622,5285.779331479626,14848.9963443820,16132.953770487673
