,opt_cost_model,opt_cost_sim,opt_dist_model,opt_dist_sim
0,3068.68248736095,10033.604696676814,19304.1952328076,22815.4940219189
