,opt_cost_model,opt_cost_sim,opt_dist_model,opt_dist_sim
0,2904.63651985616,12903.47684788162,29424.0163982301,35842.04945801964
