,pp_cost_model,pp_cost_sim,pp_dist_model,pp_dist_sim
0,4092.57443863007,5220.261081597096,12000.0000000000,14269.085032073719
