,opt_cost_model,opt_cost_sim,opt_dist_model,opt_dist_sim
0,5442.37089721704,5579.053946192089,12000.0000000000,12320.596293624438
