,opt_cost_model,opt_cost_sim,opt_dist_model,opt_dist_sim
0,5432.97033253418,5786.993400977961,12000.0000000000,13153.737964112786
