,opt_cost_model,opt_cost_sim,opt_dist_model,opt_dist_sim
0,6052.23840728277,8552.121082616872,13928.0035987029,15003.07177671201
