,opt_cost_model,opt_cost_sim,opt_dist_model,opt_dist_sim
0,8329.58888356251,12986.300606759114,12241.7966111583,18809.887194713298
