,opt_cost_model,opt_cost_sim,opt_dist_model,opt_dist_sim
0,8685.11662765592,9571.321272268702,12000.9139684455,12706.674652085967
