,opt_cost_model,opt_cost_sim,opt_dist_model,opt_dist_sim
0,8303.42113392772,17658.02920577736,12000.0000000000,21529.22044056799
