,opt_cost_model,opt_cost_sim,opt_dist_model,opt_dist_sim
0,5465.96520548975,6411.081196519764,12000.0000000000,13660.118813050884
