,opt_cost_model,opt_cost_sim,opt_dist_model,opt_dist_sim
0,2651.67668362634,5422.304974399427,14727.0779853969,19810.418199607986
