,pp_cost_model,pp_cost_sim,pp_dist_model,pp_dist_sim
0,8304.94618017786,16666.521476642516,12000.0000000000,19560.36922766979
