,pp_cost_model,pp_cost_sim,pp_dist_model,pp_dist_sim
0,8384.98563089563,18622.00929862269,12000.0000000000,26269.1444243831
