,opt_cost_model,opt_cost_sim,opt_dist_model,opt_dist_sim
0,5442.39299982008,5547.409888459892,12000.0000000000,12229.903872689818
