,opt_cost_model,opt_cost_sim,opt_dist_model,opt_dist_sim
0,3445.28561518198,7299.420973819767,18375.9920101009,25478.463015166617
