,opt_cost_model,opt_cost_sim,opt_dist_model,opt_dist_sim
0,11211.9955588242,17530.578313718765,12241.7966111583,18779.723783681853
