,pp_cost_model,pp_cost_sim,pp_dist_model,pp_dist_sim
0,8384.98563089563,13116.445536435862,12000.0000000000,16386.55881599511
