,pp_cost_model,pp_cost_sim,pp_dist_model,pp_dist_sim
0,11735.2419642578,20839.96492118752,12000.0000000000,21684.647847602406
