,opt_cost_model,opt_cost_sim,opt_dist_model,opt_dist_sim
0,5335.32299422343,5759.112736260421,12241.7966111583,12898.915869456972
