,opt_cost_model,opt_cost_sim,opt_dist_model,opt_dist_sim
0,2194.37099708445,4152.063288058404,14848.9963443820,17891.54133609103
