,opt_cost_model,opt_cost_sim,opt_dist_model,opt_dist_sim
0,11598.8688633867,20148.474290226593,12000.0000000000,17568.43177648285
