,pp_cost_model,pp_cost_sim,pp_dist_model,pp_dist_sim
0,3985.62519345745,6346.493325559956,12000.0000000000,18736.591568815038
