,opt_cost_model,opt_cost_sim,opt_dist_model,opt_dist_sim
0,4147.27278481848,4680.472534778043,12000.0000000000,13092.53308047804
