,opt_cost_model,opt_cost_sim,opt_dist_model,opt_dist_sim
0,5662.97422303795,7436.9075555297895,14727.0779853969,15798.281579043558
