,pp_cost_model,pp_cost_sim,pp_dist_model,pp_dist_sim
0,9092.30839673813,9722.480673371796,12000.0000000000,12797.687546273279
