,pp_cost_model,pp_cost_sim,pp_dist_model,pp_dist_sim
0,8381.64959818667,16693.203849922582,12000.0000000000,19560.36967266981
