,pp_cost_model,pp_cost_sim,pp_dist_model,pp_dist_sim
0,3985.62519345745,6391.470854917531,12000.0000000000,18817.056817610777
