,pp_cost_model,pp_cost_sim,pp_dist_model,pp_dist_sim
0,8507.15679622333,13941.705162143713,12000.0000000000,20247.551644545492
