,pp_cost_model,pp_cost_sim,pp_dist_model,pp_dist_sim
0,9094.91237431773,9731.682318690813,12000.0000000000,12797.68752926585
