,pp_cost_model,pp_cost_sim,pp_dist_model,pp_dist_sim
0,5432.98321204686,5821.488554018876,12000.0000000000,12809.82921363072
