,opt_cost_model,opt_cost_sim,opt_dist_model,opt_dist_sim
0,11208.6710889199,14841.53428333458,12211.6570942143,13966.551787096667
