,opt_cost_model,opt_cost_sim,opt_dist_model,opt_dist_sim
0,1146.48770165013,2777.4120289618972,33286.6743396921,35039.43606454909
