,pp_cost_model,pp_cost_sim,pp_dist_model,pp_dist_sim
0,5465.96520548975,6361.337860210633,12000.0000000000,13479.346152142607
