,pp_cost_model,pp_cost_sim,pp_dist_model,pp_dist_sim
0,8507.15679622333,11066.629053214681,12000.0000000000,13984.905084518437
