,pp_cost_model,pp_cost_sim,pp_dist_model,pp_dist_sim
0,9171.87459425338,10539.223457315351,12000.0000000000,13539.37585452148
