,opt_cost_model,opt_cost_sim,opt_dist_model,opt_dist_sim
0,1605.00818268133,6884.383029737728,19304.1952328076,22827.734506454584
