,opt_cost_model,opt_cost_sim,opt_dist_model,opt_dist_sim
0,5442.39299982008,5546.125720239422,12000.0000000000,12229.905063185466
