,pp_cost_model,pp_cost_sim,pp_dist_model,pp_dist_sim
0,3988.60548838295,6348.091660763546,12000.0000000000,18736.59165615916
