,pp_cost_model,pp_cost_sim,pp_dist_model,pp_dist_sim
0,8448.05235157274,10963.665968597772,12000.0000000000,14428.550308404185
