,opt_cost_model,opt_cost_sim,opt_dist_model,opt_dist_sim
0,6754.20393770849,20629.181680318787,18000.9139291164,32617.201405618594
