,pp_cost_model,pp_cost_sim,pp_dist_model,pp_dist_sim
0,9171.87459425338,10643.194008056767,12000.0000000000,13666.001673494193
