,pp_cost_model,pp_cost_sim,pp_dist_model,pp_dist_sim
0,11594.2828850541,14873.905140559657,12000.0000000000,13972.780819907874
