,opt_cost_model,opt_cost_sim,opt_dist_model,opt_dist_sim
0,840.008000806895,2124.7821180722676,24375.9919707719,25674.768764869663
