,opt_cost_model,opt_cost_sim,opt_dist_model,opt_dist_sim
0,7279.86886871568,21519.94829053917,18375.9920101009,27993.985263660066
