,opt_cost_model,opt_cost_sim,opt_dist_model,opt_dist_sim
0,4089.28558834233,5804.050755803467,12000.0000000000,15705.843745563076
