,pp_cost_model,pp_cost_sim,pp_dist_model,pp_dist_sim
0,8448.05235157274,8708.701669178286,12000.0000000000,12277.088861257824
