,pp_cost_model,pp_cost_sim,pp_dist_model,pp_dist_sim
0,9169.85679937150,10536.550338217581,12000.0000000000,13485.230876767671
