,pp_cost_model,pp_cost_sim,pp_dist_model,pp_dist_sim
0,8613.32965498999,11116.873358771187,12000.0000000000,15746.279677243978
