,pp_cost_model,pp_cost_sim,pp_dist_model,pp_dist_sim
0,11598.8688633867,17919.15932088318,12000.0000000000,15653.89000791849
