,opt_cost_model,opt_cost_sim,opt_dist_model,opt_dist_sim
0,8328.18975947867,11109.224659850659,12211.6570942143,13978.655037489127
