,pp_cost_model,pp_cost_sim,pp_dist_model,pp_dist_sim
0,8303.42113392772,17658.02920577736,12000.0000000000,21529.22044056799
