,pp_cost_model,pp_cost_sim,pp_dist_model,pp_dist_sim
0,8304.94618017786,18620.76773349336,12000.0000000000,26274.03950799721
