,opt_cost_model,opt_cost_sim,opt_dist_model,opt_dist_sim
0,4092.57443863007,5401.4062459560955,12000.0000000000,16169.763333284622
