,opt_cost_model,opt_cost_sim,opt_dist_model,opt_dist_sim
0,4147.34049396592,4866.366592805092,12000.0000000000,14291.71233780646
