,pp_cost_model,pp_cost_sim,pp_dist_model,pp_dist_sim
0,11598.8688633867,18982.672866660538,12000.0000000000,20199.292058150164
