,opt_cost_model,opt_cost_sim,opt_dist_model,opt_dist_sim
0,1918.08508565237,3969.088870487124,24375.9919707719,25680.69281565917
