,opt_cost_model,opt_cost_sim,opt_dist_model,opt_dist_sim
0,4772.30264762926,15659.94803236235,18375.9920101009,28042.284876310994
