,opt_cost_model,opt_cost_sim,opt_dist_model,opt_dist_sim
0,4067.06054430009,5487.133994661967,12241.7966111583,16435.59951572015
