,pp_cost_model,pp_cost_sim,pp_dist_model,pp_dist_sim
0,4147.27278481848,4292.518295842109,12000.0000000000,12327.667167442849
