,pp_cost_model,pp_cost_sim,pp_dist_model,pp_dist_sim
0,11598.8688633867,20162.57815365035,12000.0000000000,21051.18270293876
