,opt_cost_model,opt_cost_sim,opt_dist_model,opt_dist_sim
0,8381.64959818667,14934.433576474088,12000.0000000000,17973.062461470723
