,pp_cost_model,pp_cost_sim,pp_dist_model,pp_dist_sim
0,8548.93438731993,14925.774737955931,12000.0000000000,17580.61536611542
