,opt_cost_model,opt_cost_sim,opt_dist_model,opt_dist_sim
0,8613.32965498999,11108.223899873137,12000.0000000000,13984.904883870002
