,opt_cost_model,opt_cost_sim,opt_dist_model,opt_dist_sim
0,5351.10258571831,7042.336861288833,13928.0035987029,14949.444284050374
