,pp_cost_model,pp_cost_sim,pp_dist_model,pp_dist_sim
0,4147.34049396592,4866.366592805092,12000.0000000000,14291.71233780646
