,pp_cost_model,pp_cost_sim,pp_dist_model,pp_dist_sim
0,8448.05235157274,8491.720660617606,12000.0000000000,12065.872651536436
