,pp_cost_model,pp_cost_sim,pp_dist_model,pp_dist_sim
0,9169.85679937150,10512.106455533343,12000.0000000000,13539.376819474346
