,opt_cost_model,opt_cost_sim,opt_dist_model,opt_dist_sim
0,2429.11758583181,7621.753107892099,17122.6206244063,19753.056842641876
