,opt_cost_model,opt_cost_sim,opt_dist_model,opt_dist_sim
0,2550.07182442403,3728.2987499714827,18999.8003366672,20018.884033610375
