,opt_cost_model,opt_cost_sim,opt_dist_model,opt_dist_sim
0,9171.87459425338,10650.551230030995,12000.0000000000,13666.001452068422
