,pp_cost_model,pp_cost_sim,pp_dist_model,pp_dist_sim
0,8504.10777048669,13309.792048547419,12000.0000000000,15648.026522597651
