,pp_cost_model,pp_cost_sim,pp_dist_model,pp_dist_sim
0,4089.28558834233,5804.050755803467,12000.0000000000,15705.843745563076
