,pp_cost_model,pp_cost_sim,pp_dist_model,pp_dist_sim
0,5465.96520548975,6411.081196519764,12000.0000000000,13660.118813050884
