,pp_cost_model,pp_cost_sim,pp_dist_model,pp_dist_sim
0,8613.32965498999,12768.148189161562,12000.0000000000,18438.028297874058
