,opt_cost_model,opt_cost_sim,opt_dist_model,opt_dist_sim
0,8613.52652216249,11123.868490184992,12000.0000000000,15746.279594245576
