,opt_cost_model,opt_cost_sim,opt_dist_model,opt_dist_sim
0,11594.2828850541,17309.639080894296,12000.0000000000,18407.83089477682
