,pp_cost_model,pp_cost_sim,pp_dist_model,pp_dist_sim
0,5442.39299982008,5550.758753593498,12000.0000000000,12284.941321706534
