,pp_cost_model,pp_cost_sim,pp_dist_model,pp_dist_sim
0,4147.27278481848,4863.515087761132,12000.0000000000,14291.712070270542
