,opt_cost_model,opt_cost_sim,opt_dist_model,opt_dist_sim
0,9048.57972188141,9228.88868238314,12000.0000000000,12235.768692838263
