,pp_cost_model,pp_cost_sim,pp_dist_model,pp_dist_sim
0,8303.42113392772,18622.337487535286,12000.0000000000,26274.04032893976
