,opt_cost_model,opt_cost_sim,opt_dist_model,opt_dist_sim
0,11567.8163025318,14972.37167123988,12000.0000000000,15734.139713139857
