,opt_cost_model,opt_cost_sim,opt_dist_model,opt_dist_sim
0,8588.42467056639,12894.761722026567,18000.9139291164,19765.354489791785
