,pp_cost_model,pp_cost_sim,pp_dist_model,pp_dist_sim
0,5442.37089721704,5734.261157795395,12000.0000000000,12700.755258227196
