,pp_cost_model,pp_cost_sim,pp_dist_model,pp_dist_sim
0,3985.62519345745,6393.1587379661705,12000.0000000000,18817.056586197887
