,pp_cost_model,pp_cost_sim,pp_dist_model,pp_dist_sim
0,8304.94618017786,17647.527751729893,12000.0000000000,21529.220868744484
