,opt_cost_model,opt_cost_sim,opt_dist_model,opt_dist_sim
0,11567.7657185865,14946.25211295817,12000.0000000000,13972.780808288582
