,pp_cost_model,pp_cost_sim,pp_dist_model,pp_dist_sim
0,11594.2828850541,17309.639080894296,12000.0000000000,18407.83089477682
