,opt_cost_model,opt_cost_sim,opt_dist_model,opt_dist_sim
0,4089.28558834233,5228.71594099825,12000.0000000000,14269.085246571345
