,opt_cost_model,opt_cost_sim,opt_dist_model,opt_dist_sim
0,3101.19431939133,10140.405004052433,18999.8003366672,22526.755210982414
