,opt_cost_model,opt_cost_sim,opt_dist_model,opt_dist_sim
0,9048.57972188141,9226.37473353057,12000.0000000000,12235.771443057654
