,pp_cost_model,pp_cost_sim,pp_dist_model,pp_dist_sim
0,11567.8163025318,11812.940180586245,12000.0000000000,12235.782229543025
