,opt_cost_model,opt_cost_sim,opt_dist_model,opt_dist_sim
0,9094.91237431773,9783.375159192863,12000.0000000000,13159.637589725506
