,pp_cost_model,pp_cost_sim,pp_dist_model,pp_dist_sim
0,4147.27278481848,5394.121856419043,12000.0000000000,16169.763704329012
