,pp_cost_model,pp_cost_sim,pp_dist_model,pp_dist_sim
0,4147.34049396592,4288.122662410794,12000.0000000000,12327.667712709557
