,pp_cost_model,pp_cost_sim,pp_dist_model,pp_dist_sim
0,8381.64959818667,18625.900008991433,12000.0000000000,26278.252415003426
