,pp_cost_model,pp_cost_sim,pp_dist_model,pp_dist_sim
0,11567.8163025318,14972.37167123988,12000.0000000000,15734.139713139857
