,pp_cost_model,pp_cost_sim,pp_dist_model,pp_dist_sim
0,11594.2828850541,18946.915499989864,12000.0000000000,20199.29240385988
