,opt_cost_model,opt_cost_sim,opt_dist_model,opt_dist_sim
0,8957.19621262059,9613.943903014757,12241.7966111583,12886.79292855849
