,pp_cost_model,pp_cost_sim,pp_dist_model,pp_dist_sim
0,8507.15679622333,12771.881450878702,12000.0000000000,18438.028468588815
