,pp_cost_model,pp_cost_sim,pp_dist_model,pp_dist_sim
0,4147.34049396592,4168.436787149203,12000.0000000000,12065.875033157297
