,opt_cost_model,opt_cost_sim,opt_dist_model,opt_dist_sim
0,11735.2419642578,20839.96492118752,12000.0000000000,21684.647847602406
