,opt_cost_model,opt_cost_sim,opt_dist_model,opt_dist_sim
0,1633.28766669792,6989.415742384331,18999.8003366672,22520.846254073538
