,opt_cost_model,opt_cost_sim,opt_dist_model,opt_dist_sim
0,11567.7657185865,12718.803082822282,12000.0000000000,12778.760314718715
