,opt_cost_model,opt_cost_sim,opt_dist_model,opt_dist_sim
0,2060.04324383399,3909.3019822888127,13928.0035987029,16798.354990527452
