,pp_cost_model,pp_cost_sim,pp_dist_model,pp_dist_sim
0,5432.97033253418,5824.785801975458,12000.0000000000,12809.829012264536
