,pp_cost_model,pp_cost_sim,pp_dist_model,pp_dist_sim
0,8384.98563089563,18620.43011139644,12000.0000000000,26278.252396318505
