,opt_cost_model,opt_cost_sim,opt_dist_model,opt_dist_sim
0,5212.60066508605,15282.40085499754,14727.0779853969,25277.306958921334
