,opt_cost_model,opt_cost_sim,opt_dist_model,opt_dist_sim
0,2385.30358936738,4640.019822156335,13928.0035987029,18121.012353781833
