,pp_cost_model,pp_cost_sim,pp_dist_model,pp_dist_sim
0,3988.60548838295,6172.171426276854,12000.0000000000,17261.82611597148
