,pp_cost_model,pp_cost_sim,pp_dist_model,pp_dist_sim
0,11735.2419642578,20672.269415788032,12000.0000000000,19464.25417577115
