,opt_cost_model,opt_cost_sim,opt_dist_model,opt_dist_sim
0,11567.8163025318,11812.940180586245,12000.0000000000,12235.782229543025
