,pp_cost_model,pp_cost_sim,pp_dist_model,pp_dist_sim
0,5442.39299982008,5547.409888459892,12000.0000000000,12229.903872689818
