,opt_cost_model,opt_cost_sim,opt_dist_model,opt_dist_sim
0,2482.81834361088,7745.924239772144,17122.6206244063,19825.318795932846
