,pp_cost_model,pp_cost_sim,pp_dist_model,pp_dist_sim
0,8548.93438731993,14890.221228714188,12000.0000000000,21101.36009809307
