,opt_cost_model,opt_cost_sim,opt_dist_model,opt_dist_sim
0,4764.81013139491,15911.513391705,18000.9139291164,28041.5900120048
