,pp_cost_model,pp_cost_sim,pp_dist_model,pp_dist_sim
0,4147.34049396592,4170.798215000454,12000.0000000000,12065.877503544418
