,opt_cost_model,opt_cost_sim,opt_dist_model,opt_dist_sim
0,7234.22587142710,21890.141036745055,18000.9139291164,28029.456684989
