,opt_cost_model,opt_cost_sim,opt_dist_model,opt_dist_sim
0,8283.74850728386,18505.04849906118,12241.7966111583,26269.080894839906
