,opt_cost_model,opt_cost_sim,opt_dist_model,opt_dist_sim
0,2654.57002228246,5387.846318664186,14848.9963443820,19910.892448920473
