,pp_cost_model,pp_cost_sim,pp_dist_model,pp_dist_sim
0,11733.4471016597,20095.579506667367,12000.0000000000,17568.431693342547
