,opt_cost_model,opt_cost_sim,opt_dist_model,opt_dist_sim
0,3985.62519345745,6173.937711898681,12000.0000000000,17261.825375912005
