,pp_cost_model,pp_cost_sim,pp_dist_model,pp_dist_sim
0,8548.93438731993,15245.466270670342,12000.0000000000,19494.48267643088
