,pp_cost_model,pp_cost_sim,pp_dist_model,pp_dist_sim
0,4092.57443863007,5401.4062459560955,12000.0000000000,16169.763333284622
