,pp_cost_model,pp_cost_sim,pp_dist_model,pp_dist_sim
0,5432.98321204686,5741.412658149852,12000.0000000000,12700.755068898747
