,opt_cost_model,opt_cost_sim,opt_dist_model,opt_dist_sim
0,9092.30839673813,9583.038041323809,12000.0000000000,12688.624451264715
