,opt_cost_model,opt_cost_sim,opt_dist_model,opt_dist_sim
0,3400.94825139761,7260.037584340165,18000.9139291164,25047.09399213382
