,opt_cost_model,opt_cost_sim,opt_dist_model,opt_dist_sim
0,8304.94618017786,18620.76773349336,12000.0000000000,26274.03950799721
