,pp_cost_model,pp_cost_sim,pp_dist_model,pp_dist_sim
0,11594.2828850541,17816.66032515024,12000.0000000000,15653.890018416681
