,opt_cost_model,opt_cost_sim,opt_dist_model,opt_dist_sim
0,5432.97033253418,5824.785801975458,12000.0000000000,12809.829012264536
