,opt_cost_model,opt_cost_sim,opt_dist_model,opt_dist_sim
0,9169.85679937150,9846.000138286296,12000.0000000000,13358.253142495589
