,opt_cost_model,opt_cost_sim,opt_dist_model,opt_dist_sim
0,4032.31290216762,7269.587189422136,18000.9139291164,19759.466431301495
