,opt_cost_model,opt_cost_sim,opt_dist_model,opt_dist_sim
0,8277.52496140659,12847.426194569247,12211.6570942143,16017.88703312292
