,opt_cost_model,opt_cost_sim,opt_dist_model,opt_dist_sim
0,11733.4471016597,20200.03603182159,12000.0000000000,21053.07975724306
