,opt_cost_model,opt_cost_sim,opt_dist_model,opt_dist_sim
0,4122.17133808113,13673.502588299216,14848.9963443820,24645.772560103604
