,pp_cost_model,pp_cost_sim,pp_dist_model,pp_dist_sim
0,8504.10777048669,13958.493585285483,12000.0000000000,20247.551717113405
