,opt_cost_model,opt_cost_sim,opt_dist_model,opt_dist_sim
0,8303.42113392772,18756.12795307144,12000.0000000000,26366.527128426536
