,opt_cost_model,opt_cost_sim,opt_dist_model,opt_dist_sim
0,3988.60548838295,6161.046374160076,12000.0000000000,18383.951791136355
