,opt_cost_model,opt_cost_sim,opt_dist_model,opt_dist_sim
0,2180.10041686133,4145.974550268379,14727.0779853969,17760.94770847124
