,pp_cost_model,pp_cost_sim,pp_dist_model,pp_dist_sim
0,5465.96520548975,6412.943071841355,12000.0000000000,13660.118626464588
