,pp_cost_model,pp_cost_sim,pp_dist_model,pp_dist_sim
0,3988.60548838295,6161.046374160076,12000.0000000000,18383.951791136355
