,opt_cost_model,opt_cost_sim,opt_dist_model,opt_dist_sim
0,2088.07560737067,3253.597590501909,13928.0035987029,14943.565142194524
