,pp_cost_model,pp_cost_sim,pp_dist_model,pp_dist_sim
0,8613.52652216249,9472.017377999593,12000.0000000000,12790.863492794484
