,opt_cost_model,opt_cost_sim,opt_dist_model,opt_dist_sim
0,6725.21352531542,9713.971725654832,14848.9963443820,16138.871925069807
