,pp_cost_model,pp_cost_sim,pp_dist_model,pp_dist_sim
0,11733.4471016597,20161.458370386255,12000.0000000000,21051.182703677874
