,opt_cost_model,opt_cost_sim,opt_dist_model,opt_dist_sim
0,1097.07486017549,2870.1861222950893,31819.5590372395,33523.57729232983
