,pp_cost_model,pp_cost_sim,pp_dist_model,pp_dist_sim
0,8613.32965498999,9496.868039266417,12000.0000000000,12790.863617651748
