,opt_cost_model,opt_cost_sim,opt_dist_model,opt_dist_sim
0,8447.96580791983,10987.495383662354,12000.0000000000,14428.549861466341
