,pp_cost_model,pp_cost_sim,pp_dist_model,pp_dist_sim
0,8447.96580791983,16828.18448525446,12000.0000000000,23567.249421477693
