,opt_cost_model,opt_cost_sim,opt_dist_model,opt_dist_sim
0,11735.2419642578,20672.269415788032,12000.0000000000,19464.25417577115
