,pp_cost_model,pp_cost_sim,pp_dist_model,pp_dist_sim
0,9094.91237431773,9807.546050414014,12000.0000000000,13068.561132804496
