,opt_cost_model,opt_cost_sim,opt_dist_model,opt_dist_sim
0,8381.64959818667,16693.203849922582,12000.0000000000,19560.36967266981
