,pp_cost_model,pp_cost_sim,pp_dist_model,pp_dist_sim
0,8504.10777048669,14965.59362915914,12000.0000000000,17580.615057348477
