,pp_cost_model,pp_cost_sim,pp_dist_model,pp_dist_sim
0,8613.52652216249,11123.868490184992,12000.0000000000,15746.279594245576
