,pp_cost_model,pp_cost_sim,pp_dist_model,pp_dist_sim
0,8552.79528757421,15272.871582596155,12000.0000000000,19494.482633461626
