,pp_cost_model,pp_cost_sim,pp_dist_model,pp_dist_sim
0,3988.60548838295,5799.198403064878,12000.0000000000,15705.843124749083
