,pp_cost_model,pp_cost_sim,pp_dist_model,pp_dist_sim
0,4092.57443863007,5763.734289166453,12000.0000000000,17547.928320806976
