,opt_cost_model,opt_cost_sim,opt_dist_model,opt_dist_sim
0,8552.79528757421,15338.783108282832,12000.0000000000,21732.923058904522
