,pp_cost_model,pp_cost_sim,pp_dist_model,pp_dist_sim
0,8448.05235157274,16845.60625371305,12000.0000000000,23567.24910759432
