,pp_cost_model,pp_cost_sim,pp_dist_model,pp_dist_sim
0,9094.91237431773,9828.54046498928,12000.0000000000,13358.253033102177
