,pp_cost_model,pp_cost_sim,pp_dist_model,pp_dist_sim
0,5442.39299982008,5579.646976014814,12000.0000000000,12320.596473069641
