,opt_cost_model,opt_cost_sim,opt_dist_model,opt_dist_sim
0,2170.96413024061,3130.6332476842213,17122.6206244063,17908.617789893782
