,pp_cost_model,pp_cost_sim,pp_dist_model,pp_dist_sim
0,9092.30839673813,9530.260891365046,12000.0000000000,12507.888056959975
