,pp_cost_model,pp_cost_sim,pp_dist_model,pp_dist_sim
0,5432.97033253418,5842.655352215474,12000.0000000000,13080.684133424878
