,pp_cost_model,pp_cost_sim,pp_dist_model,pp_dist_sim
0,8552.79528757421,14888.814952800643,12000.0000000000,21101.36056035648
