,pp_cost_model,pp_cost_sim,pp_dist_model,pp_dist_sim
0,8613.52652216249,8772.57419727605,12000.0000000000,12229.908246582256
