,opt_cost_model,opt_cost_sim,opt_dist_model,opt_dist_sim
0,5240.11144460491,15351.167139876941,14848.9963443820,21655.33623154025
