,opt_cost_model,opt_cost_sim,opt_dist_model,opt_dist_sim
0,2189.32952608050,3128.0299304690825,17122.6206244063,17926.52885691547
