,opt_cost_model,opt_cost_sim,opt_dist_model,opt_dist_sim
0,8384.98563089563,18622.00929862269,12000.0000000000,26269.1444243831
