,pp_cost_model,pp_cost_sim,pp_dist_model,pp_dist_sim
0,11735.2419642578,20833.1926741644,12000.0000000000,21684.647955458684
