,pp_cost_model,pp_cost_sim,pp_dist_model,pp_dist_sim
0,9048.57972188141,9268.21932864261,12000.0000000000,12308.466827310118
