,pp_cost_model,pp_cost_sim,pp_dist_model,pp_dist_sim
0,5432.97033253418,5791.956783590048,12000.0000000000,13370.384017506318
