,opt_cost_model,opt_cost_sim,opt_dist_model,opt_dist_sim
0,8548.93438731993,14890.221228714188,12000.0000000000,21101.36009809307
