,opt_cost_model,opt_cost_sim,opt_dist_model,opt_dist_sim
0,8384.98563089563,18620.43011139644,12000.0000000000,26278.252396318505
