,pp_cost_model,pp_cost_sim,pp_dist_model,pp_dist_sim
0,8552.79528757421,15346.679327432601,12000.0000000000,21732.923255856498
