,pp_cost_model,pp_cost_sim,pp_dist_model,pp_dist_sim
0,8384.98563089563,14897.847264092075,12000.0000000000,17973.062782516834
