,pp_cost_model,pp_cost_sim,pp_dist_model,pp_dist_sim
0,9171.87459425338,10564.798237283825,12000.0000000000,13485.231791007494
