,opt_cost_model,opt_cost_sim,opt_dist_model,opt_dist_sim
0,4070.86770387736,7186.346501004091,18375.9920101009,20156.848858126774
