,pp_cost_model,pp_cost_sim,pp_dist_model,pp_dist_sim
0,8381.64959818667,14934.433576474088,12000.0000000000,17973.062461470723
