,pp_cost_model,pp_cost_sim,pp_dist_model,pp_dist_sim
0,11567.7657185865,14946.25211295817,12000.0000000000,13972.780808288582
