,opt_cost_model,opt_cost_sim,opt_dist_model,opt_dist_sim
0,6707.98463966824,9845.523870830675,14727.0779853969,16030.208783573347
