,opt_cost_model,opt_cost_sim,opt_dist_model,opt_dist_sim
0,5432.98321204686,5741.412658149852,12000.0000000000,12700.755068898747
