,pp_cost_model,pp_cost_sim,pp_dist_model,pp_dist_sim
0,9048.63368093446,9226.324841624806,12000.0000000000,12272.817231289566
