,opt_cost_model,opt_cost_sim,opt_dist_model,opt_dist_sim
0,5432.98321204686,5839.718740636621,12000.0000000000,13080.683987108527
