,pp_cost_model,pp_cost_sim,pp_dist_model,pp_dist_sim
0,5464.10316054424,5804.412366845061,12000.0000000000,13370.383703074136
