,pp_cost_model,pp_cost_sim,pp_dist_model,pp_dist_sim
0,4092.57443863007,4676.581430719567,12000.0000000000,13092.533470203925
