,opt_cost_model,opt_cost_sim,opt_dist_model,opt_dist_sim
0,8448.05235157274,8491.720660617606,12000.0000000000,12065.872651536436
