,opt_cost_model,opt_cost_sim,opt_dist_model,opt_dist_sim
0,3985.62519345745,6391.470854917531,12000.0000000000,18817.056817610777
