,opt_cost_model,opt_cost_sim,opt_dist_model,opt_dist_sim
0,5442.37089721704,5723.287486229353,12000.0000000000,12520.025654029281
