,opt_cost_model,opt_cost_sim,opt_dist_model,opt_dist_sim
0,5464.10316054424,6326.070503732791,12000.0000000000,13533.512466292455
