,opt_cost_model,opt_cost_sim,opt_dist_model,opt_dist_sim
0,8552.79528757421,15272.871582596155,12000.0000000000,19494.482633461626
