,pp_cost_model,pp_cost_sim,pp_dist_model,pp_dist_sim
0,11733.4471016597,20200.03603182159,12000.0000000000,21053.07975724306
