,pp_cost_model,pp_cost_sim,pp_dist_model,pp_dist_sim
0,8381.64959818667,18627.518546029605,12000.0000000000,26277.385922999365
