,pp_cost_model,pp_cost_sim,pp_dist_model,pp_dist_sim
0,8548.93438731993,14850.821845571934,12000.0000000000,21099.469841275477
