,opt_cost_model,opt_cost_sim,opt_dist_model,opt_dist_sim
0,11733.4471016597,20161.458370386255,12000.0000000000,21051.182703677874
