,pp_cost_model,pp_cost_sim,pp_dist_model,pp_dist_sim
0,9048.63368093446,9572.81082280433,12000.0000000000,12688.62402450147
