,opt_cost_model,opt_cost_sim,opt_dist_model,opt_dist_sim
0,4097.44580127812,13612.164656242741,14727.0779853969,24465.12766155116
