,opt_cost_model,opt_cost_sim,opt_dist_model,opt_dist_sim
0,8946.09742131427,9549.416343977211,12211.6570942143,12651.67824629814
