,pp_cost_model,pp_cost_sim,pp_dist_model,pp_dist_sim
0,4089.28558834233,5228.71594099825,12000.0000000000,14269.085246571345
