,opt_cost_model,opt_cost_sim,opt_dist_model,opt_dist_sim
0,5464.10316054424,5804.412366845061,12000.0000000000,13370.383703074136
