,opt_cost_model,opt_cost_sim,opt_dist_model,opt_dist_sim
0,8504.10777048669,13309.792048547419,12000.0000000000,15648.026522597651
