,pp_cost_model,pp_cost_sim,pp_dist_model,pp_dist_sim
0,11567.7657185865,14974.049157024738,12000.0000000000,15734.13945111367
