,opt_cost_model,opt_cost_sim,opt_dist_model,opt_dist_sim
0,3870.82071253645,12852.770343091588,13928.0035987029,23134.156242244557
