,opt_cost_model,opt_cost_sim,opt_dist_model,opt_dist_sim
0,4092.57443863007,5763.734289166453,12000.0000000000,17547.928320806976
