,opt_cost_model,opt_cost_sim,opt_dist_model,opt_dist_sim
0,2400.18007179638,4700.682850370922,13928.0035987029,18171.065217203566
