,opt_cost_model,opt_cost_sim,opt_dist_model,opt_dist_sim
0,5700.01291992201,7520.876742462956,14848.9963443820,15942.842187834825
