,pp_cost_model,pp_cost_sim,pp_dist_model,pp_dist_sim
0,11567.8163025318,12679.827241269752,12000.0000000000,12778.76008694341
