,opt_cost_model,opt_cost_sim,opt_dist_model,opt_dist_sim
0,11594.2828850541,18946.915499989864,12000.0000000000,20199.29240385988
