,opt_cost_model,opt_cost_sim,opt_dist_model,opt_dist_sim
0,11567.8163025318,11779.955561839037,12000.0000000000,12235.770088027717
