,pp_cost_model,pp_cost_sim,pp_dist_model,pp_dist_sim
0,8504.10777048669,14874.384256172563,12000.0000000000,21099.469417957425
