,opt_cost_model,opt_cost_sim,opt_dist_model,opt_dist_sim
0,8504.10777048669,14965.59362915914,12000.0000000000,17580.615057348477
