,pp_cost_model,pp_cost_sim,pp_dist_model,pp_dist_sim
0,5464.10316054424,6326.070503732791,12000.0000000000,13533.512466292455
