,pp_cost_model,pp_cost_sim,pp_dist_model,pp_dist_sim
0,11598.8688633867,20148.474290226593,12000.0000000000,17568.43177648285
